code,name,population
561592,Aliyabad,898
561532,Amrutwadi,573
561590,Andur,11630
561527,Apsinga,4541
561566,Arali Bk.,2414
561564,Arali Kh.,1729
561577,Arbali,1122
561604,Babhalgaon,908
561544,Barul,2482
561565,Baswantwadi,1510
561557,Bhatambri,498
561549,Bijanwadi,1411
561627,Bolegaon,1490
561623,Borgaon,1343
561529,Bori,852
561546,Bornadwadi,7
561553,Bornadwadi,748
561574,Chavhanwadi,986
561585,Chikundra,1992
561563,Chincholi,1459
561588,Chivari,3248
561621,Dahitna,1067
561508,Dahiwadi,1816
561572,Deokurli,2010
561551,Deosinga,1446
561619,Devsinga Nal,1093
561560,Dhanegaon,427
561598,Dhangarwadi,1145
561530,Dhekri,1877
561579,Dhotri,1506
561575,Dindegaon,954
561597,Fulwadi,1178
561521,Ganjewadi,1437
561518,Gawalewadi,429
561554,Ghandora,2593
561573,Ghattewadi,321
561512,Gondhalwadi,1354
561616,Gujnur,677
561620,Gulhalli,942
561587,Haglur,981
561547,Hangarga,1377
561614,Hangarga,2602
561576,Hippargatad,989
561545,Honala,925
561608,Horti,3339
561613,Indiranagar,1403
561603,Itkal,2376
561612,Jalkot,7971
561520,Jalkotwadi,734
561611,Jalkotwadi,1722
561543,Jawalga Mesai,1581
561511,Kadamwadi,775
561538,Kakramba,5243
561536,Kakrambawadi,525
561568,Kalegaon,792
561528,Kamtha,1867
561541,Karla,1875
561562,Kasai,1257
561578,Katgaon,5263
561507,Kati,6875
561526,Katri,1170
561517,Kemwadi,2223
561600,Kerur,314
561606,Keshegaon,2917
561580,Khadki,1326
561602,Khanapur,1482
561540,Khandala,1486
561596,Khudawadi,3492
561505,Khuttewadi,397
561584,Kilaj,3647
561571,Korewadi,522
561561,Kumbhari,1760
561626,Kunsawali,674
561615,Lohagaon,2134
561513,Malumbra,2005
561586,Manewadi,826
561559,Mangrul,4316
561609,Manmodi,1160
561509,Masala kh.,3268
561535,Morda,847
561610,Murta,2062
561591,Naldurg,653
561622,Nandgaon,4689
561569,Nanduri,1506
561618,Nilegaon,2510
561514,Pangardarwadi,1726
561524,Pimpala Bk.,1552
561523,Pimpala Kh.,2317
561556,Raikhel,749
561593,Ramtirth,799
561582,Salgara divti,4087
561624,Salgara Tatur,1947
561515,Sangvi Kati,1648
561510,Sangvi Mardi,1193
561605,Sarati,1262
561558,Sardewadi,806
561555,Sarola,972
561516,Sawargaon,5196
561617,Shahapur,2903
561531,Shiradhon,823
561599,Shirgapur,725
561581,Shivajinagar,615
561583,Shivkarwadi,288
561533,Sindfal,4617
561625,Sindgaon,2518
561522,Suratgaon,1579
561537,Tadwala,593
561525,Tamalwadi,4231
561601,Telarnagar,320
561550,Tirth Bk.,1470
561548,Tirth kh.,1651
561534,Tuljapur,1392
561589,Umarga,1899
561607,Wadacha Tanda,894
561552,Wadgaon deo,1076
561519,Wadgaon Kati,2707
561539,Wadgaon lakh,1195
561595,Wagdari,1232
561542,Wanegaon,1299
561506,Wanewadi,1451
561570,Yamgarwadi,644
561594,Yedola,1666
561567,Yewati,2514
