junction,baseline_ratio,cut_ratio
10,,
15,1.0,0.7008
20,,
35,1.0,0.9034
40,,
50,,
60,,
601,,
61,,
101,1.0,0.5988
103,1.0,0.5869
105,1.0,0.7781
107,1.0,0.852
109,1.0,0.8629
111,1.0,0.9314
113,1.0,0.9748
115,1.0,0.9098
117,1.0,0.9209
119,1.0,0.9914
120,,
121,1.0,0.9988
123,1.0,0.9554
125,1.0,0.9626
127,1.0,0.4205
129,,
131,1.0,0.9847
139,1.0,0.7764
141,1.0,0.9862
143,1.0,0.9992
145,1.0,0.9927
147,1.0,0.9015
149,1.0,0.9223
151,1.0,0.7317
153,1.0,0.302
157,1.0,0.9348
159,1.0,0.9644
161,1.0,0.9687
163,1.0,0.962
164,,
166,1.0,0.9908
167,1.0,0.9942
169,,
171,1.0,0.9918
173,,
177,1.0,0.9357
179,,
181,,
183,,
184,,
185,1.0,0.8661
187,,
189,1.0,0.9604
191,1.0,0.7835
193,1.0,0.8639
195,,
197,1.0,0.815
199,1.0,0.9708
201,1.0,0.9568
203,1.0,0.9455
204,,
205,1.0,0.7605
206,,
207,1.0,0.8892
208,,
209,1.0,0.9648
211,1.0,0.8968
213,1.0,0.8964
215,1.0,0.8953
217,1.0,0.9038
219,1.0,0.9204
225,1.0,0.8864
229,1.0,0.8614
231,1.0,0.9119
237,1.0,0.8233
239,1.0,0.8342
241,,
243,1.0,0.8229
247,1.0,0.7738
249,,
251,1.0,0.5527
253,1.0,0.4253
255,1.0,0.6099
257,,
259,,
261,,
263,,
265,,
267,,
269,,
271,,
273,,
275,,
